<?xml version="1.0"?><rss xmlns:g="http://base.google.com/ns/1.0" version="2.0">
	<channel>
		<title>GBMart</title>
		<link>https://www.gbmart.in</link>
		<description>This is a sample feed containing the required and recommended attributes for a variety of different products</description>


		<item>
			<g:id>1</g:id>
			<g:title><![CDATA[Doogee MIX  6GB RAM + 64GB ROM black]]></g:title>
			<g:description><![CDATA[ships within 2 to 7 days]]></g:description>
			<g:link><![CDATA[https://www.gbmart.in/store/electronics/mobile/doogee-mix-6gb-ram-64gb-rom-black-1]]></g:link>
			<g:image_link><![CDATA[https://gbmart.in/storage/1_image_vedtZ.jpg]]></g:image_link>
			<g:condition>new</g:condition>
			<g:availability>in stock</g:availability>
			<g:price>13850 INR</g:price>
			<g:shipping>
				<g:country>IN</g:country>
				<g:service>Standard</g:service>
				<g:price>0 INR</g:price>
			</g:shipping>
			<g:brand>doogee</g:brand>
			<g:mpn></g:mpn>
			<g:google_product_category><![CDATA[Electronics > Communications > Telephony > Mobile Phones]]></g:google_product_category>
		</item>

		<item>
			<g:id>2</g:id>
			<g:title><![CDATA[Doogee MIX  6GB RAM + 64GB ROM blue]]></g:title>
			<g:description><![CDATA[ships within 2 to 7 days , all over india free delivery]]></g:description>
			<g:link><![CDATA[https://www.gbmart.in/store/electronics/mobile/doogee-mix-6gb-ram-64gb-rom-blue-2]]></g:link>
			<g:image_link><![CDATA[https://gbmart.in/storage/2_image_bRhzU.jpg]]></g:image_link>
			<g:condition>new</g:condition>
			<g:availability>in stock</g:availability>
			<g:price>13850 INR</g:price>
			<g:shipping>
				<g:country>IN</g:country>
				<g:service>Standard</g:service>
				<g:price>0 INR</g:price>
			</g:shipping>
			<g:brand>doogee</g:brand>
			<g:mpn></g:mpn>
			<g:google_product_category><![CDATA[Electronics > Communications > Telephony > Mobile Phones]]></g:google_product_category>
		</item>

		<item>
			<g:id>4</g:id>
			<g:title><![CDATA[Doogee MIX  4GB RAM + 64GB ROM]]></g:title>
			<g:description><![CDATA[ships within 2 to 7 days]]></g:description>
			<g:link><![CDATA[https://www.gbmart.in/store/electronics/mobile/doogee-mix-4gb-ram-64gb-rom-4]]></g:link>
			<g:image_link><![CDATA[https://gbmart.in/storage/3_image_m1CZz.jpg]]></g:image_link>
			<g:condition>new</g:condition>
			<g:availability>in stock</g:availability>
			<g:price>12500 INR</g:price>
			<g:shipping>
				<g:country>IN</g:country>
				<g:service>Standard</g:service>
				<g:price>0 INR</g:price>
			</g:shipping>
			<g:brand>doogee</g:brand>
			<g:mpn></g:mpn>
			<g:google_product_category><![CDATA[Electronics > Communications > Telephony > Mobile Phones]]></g:google_product_category>
		</item>

		<item>
			<g:id>5</g:id>
			<g:title><![CDATA[Doogee MIX silver 6GB RAM + 64GB ROM smartphone]]></g:title>
			<g:description><![CDATA[ships within 2 to 7 days]]></g:description>
			<g:link><![CDATA[https://www.gbmart.in/store/electronics/mobile/doogee-mix-silver-6gb-ram-64gb-rom-smartphone-5]]></g:link>
			<g:image_link><![CDATA[https://gbmart.in/storage/5_image_t1nXK.jpg]]></g:image_link>
			<g:condition>new</g:condition>
			<g:availability>in stock</g:availability>
			<g:price>14999 INR</g:price>
			<g:shipping>
				<g:country>IN</g:country>
				<g:service>Standard</g:service>
				<g:price>0 INR</g:price>
			</g:shipping>
			<g:brand>doogee</g:brand>
			<g:mpn></g:mpn>
			<g:google_product_category><![CDATA[Electronics > Communications > Telephony > Mobile Phones]]></g:google_product_category>
		</item>

		<item>
			<g:id>6</g:id>
			<g:title><![CDATA[DOOGEE BL5000]]></g:title>
			<g:description><![CDATA[SHIPS WITHIN 1 TO 7 DAYS]]></g:description>
			<g:link><![CDATA[https://www.gbmart.in/store/electronics/mobile/doogee-bl5000-6]]></g:link>
			<g:image_link><![CDATA[https://gbmart.in/storage/6_image_V3Gvm.bmp]]></g:image_link>
			<g:condition>new</g:condition>
			<g:availability>in stock</g:availability>
			<g:price>11690 INR</g:price>
			<g:shipping>
				<g:country>IN</g:country>
				<g:service>Standard</g:service>
				<g:price>0 INR</g:price>
			</g:shipping>
			<g:brand>doogee</g:brand>
			<g:mpn></g:mpn>
			<g:google_product_category><![CDATA[Electronics > Communications > Telephony > Mobile Phones]]></g:google_product_category>
		</item>

		<item>
			<g:id>7</g:id>
			<g:title><![CDATA[DOOGEE Mix Lite 4G Smartphone]]></g:title>
			<g:description><![CDATA[ships within 1 to 7 days]]></g:description>
			<g:link><![CDATA[https://www.gbmart.in/store/electronics/mobile/doogee-mix-lite-4g-smartphone-7]]></g:link>
			<g:image_link><![CDATA[https://gbmart.in/storage/10_image_wz2fj.bmp]]></g:image_link>
			<g:condition>new</g:condition>
			<g:availability>in stock</g:availability>
			<g:price>8999 INR</g:price>
			<g:shipping>
				<g:country>IN</g:country>
				<g:service>Standard</g:service>
				<g:price>0 INR</g:price>
			</g:shipping>
			<g:brand>doogee</g:brand>
			<g:mpn></g:mpn>
			<g:google_product_category><![CDATA[Electronics > Communications > Telephony > Mobile Phones]]></g:google_product_category>
		</item>

		<item>
			<g:id>8</g:id>
			<g:title><![CDATA[DOOGEE T5 5.0" Android 6.0 4G Phone w/ 3GB RAM, 32GB ROM - Black]]></g:title>
			<g:description><![CDATA[SHIPS WITHIN 1 TO 7 DAYS]]></g:description>
			<g:link><![CDATA[https://www.gbmart.in/store/electronics/mobile/doogee-t5-5-0-android-6-0-4g-phone-w-3gb-ram-32gb-rom-black-8]]></g:link>
			<g:image_link><![CDATA[https://gbmart.in/storage/9_image_p5R8l.jpg]]></g:image_link>
			<g:condition>new</g:condition>
			<g:availability>in stock</g:availability>
			<g:price>9999 INR</g:price>
			<g:shipping>
				<g:country>IN</g:country>
				<g:service>Standard</g:service>
				<g:price>0 INR</g:price>
			</g:shipping>
			<g:brand>doogee</g:brand>
			<g:mpn></g:mpn>
			<g:google_product_category><![CDATA[Electronics > Communications > Telephony > Mobile Phones]]></g:google_product_category>
		</item>

		<item>
			<g:id>9</g:id>
			<g:title><![CDATA[DOOGEE S30 IP68 Waterproof 4G 2GB RAM, 16GB ROM]]></g:title>
			<g:description><![CDATA[SHIPS WITHIN 1 TO 7 DAYS]]></g:description>
			<g:link><![CDATA[https://www.gbmart.in/store/electronics/mobile/doogee-s30-ip68-waterproof-4g-2gb-ram-16gb-rom-9]]></g:link>
			<g:image_link><![CDATA[https://gbmart.in/storage/8_image_w5R4H.jpg]]></g:image_link>
			<g:condition>new</g:condition>
			<g:availability>in stock</g:availability>
			<g:price>11700 INR</g:price>
			<g:shipping>
				<g:country>IN</g:country>
				<g:service>Standard</g:service>
				<g:price>0 INR</g:price>
			</g:shipping>
			<g:brand>doogee</g:brand>
			<g:mpn></g:mpn>
			<g:google_product_category><![CDATA[Electronics > Communications > Telephony > Mobile Phones]]></g:google_product_category>
		</item>

		<item>
			<g:id>10</g:id>
			<g:title><![CDATA[DOOGEE BL7000, 4GB RAM, 64GB ROM]]></g:title>
			<g:description><![CDATA[SHIPS WITHIN 1 TO 7 DAYS]]></g:description>
			<g:link><![CDATA[https://www.gbmart.in/store/electronics/mobile/doogee-bl7000-4gb-ram-64gb-rom-10]]></g:link>
			<g:image_link><![CDATA[https://gbmart.in/storage/7_image_okV5c.jpg]]></g:image_link>
			<g:condition>new</g:condition>
			<g:availability>in stock</g:availability>
			<g:price>11700 INR</g:price>
			<g:shipping>
				<g:country>IN</g:country>
				<g:service>Standard</g:service>
				<g:price>0 INR</g:price>
			</g:shipping>
			<g:brand>doogee</g:brand>
			<g:mpn></g:mpn>
			<g:google_product_category><![CDATA[Electronics > Communications > Telephony > Mobile Phones]]></g:google_product_category>
		</item>

		<item>
			<g:id>13</g:id>
			<g:title><![CDATA[UMIDIGI Crystal  4GB RAM 64GB ROM]]></g:title>
			<g:description><![CDATA[ships between 1 to 7 days]]></g:description>
			<g:link><![CDATA[https://www.gbmart.in/store/electronics/mobile/umidigi-crystal-4gb-ram-64gb-rom-13]]></g:link>
			<g:image_link><![CDATA[https://gbmart.in/storage/17_image_FQmnW.jpg]]></g:image_link>
			<g:condition>new</g:condition>
			<g:availability>in stock</g:availability>
			<g:price>11700 INR</g:price>
			<g:shipping>
				<g:country>IN</g:country>
				<g:service>Standard</g:service>
				<g:price>0 INR</g:price>
			</g:shipping>
			<g:brand>umi</g:brand>
			<g:mpn></g:mpn>
			<g:google_product_category><![CDATA[Electronics > Communications > Telephony > Mobile Phones]]></g:google_product_category>
		</item>

		<item>
			<g:id>14</g:id>
			<g:title><![CDATA[UMIDIGI Crystal 5.5 inch 2GB RAM 16GB ROM]]></g:title>
			<g:description><![CDATA[ships within 1 to 7 days]]></g:description>
			<g:link><![CDATA[https://www.gbmart.in/store/electronics/mobile/umidigi-crystal-5-5-inch-2gb-ram-16gb-rom-14]]></g:link>
			<g:image_link><![CDATA[https://gbmart.in/storage/16_image_RDTvn.jpg]]></g:image_link>
			<g:condition>new</g:condition>
			<g:availability>in stock</g:availability>
			<g:price>8800 INR</g:price>
			<g:shipping>
				<g:country>IN</g:country>
				<g:service>Standard</g:service>
				<g:price>0 INR</g:price>
			</g:shipping>
			<g:brand>umi</g:brand>
			<g:mpn></g:mpn>
			<g:google_product_category><![CDATA[Electronics > Communications > Telephony > Mobile Phones]]></g:google_product_category>
		</item>

		<item>
			<g:id>15</g:id>
			<g:title><![CDATA[UMI/UMIDIGI Z Helio X27 Deca Core Phone w/ 4GB RAM 32GB ROM - Golden]]></g:title>
			<g:description><![CDATA[ships within 1 to 7 days]]></g:description>
			<g:link><![CDATA[https://www.gbmart.in/store/electronics/mobile/umi-umidigi-z-helio-x27-deca-core-phone-w-4gb-ram-32gb-rom-golden-15]]></g:link>
			<g:image_link><![CDATA[https://gbmart.in/storage/15_image_EsBBD.jpg]]></g:image_link>
			<g:condition>new</g:condition>
			<g:availability>in stock</g:availability>
			<g:price>13800 INR</g:price>
			<g:shipping>
				<g:country>IN</g:country>
				<g:service>Standard</g:service>
				<g:price>0 INR</g:price>
			</g:shipping>
			<g:brand>umi</g:brand>
			<g:mpn></g:mpn>
			<g:google_product_category><![CDATA[Electronics > Communications > Telephony > Mobile Phones]]></g:google_product_category>
		</item>

		<item>
			<g:id>16</g:id>
			<g:title><![CDATA[UMI/UMIDIGI Plus 4G Phone 4GB RAM 32GB ROM]]></g:title>
			<g:description><![CDATA[ships within 1 to 7 days]]></g:description>
			<g:link><![CDATA[https://www.gbmart.in/store/electronics/mobile/umi-umidigi-plus-4g-phone-4gb-ram-32gb-rom-16]]></g:link>
			<g:image_link><![CDATA[https://gbmart.in/storage/14_image_1x2kV.jpg]]></g:image_link>
			<g:condition>new</g:condition>
			<g:availability>in stock</g:availability>
			<g:price>11999 INR</g:price>
			<g:shipping>
				<g:country>IN</g:country>
				<g:service>Standard</g:service>
				<g:price>0 INR</g:price>
			</g:shipping>
			<g:brand>umi</g:brand>
			<g:mpn></g:mpn>
			<g:google_product_category><![CDATA[Electronics > Communications > Telephony > Mobile Phones]]></g:google_product_category>
		</item>

		<item>
			<g:id>17</g:id>
			<g:title><![CDATA[UMI Plus E 5.5-inch 2.5D 6GB RAM 64GB ROM MTK6757 Helio P20 Octa Core 4G Smartphone]]></g:title>
			<g:description><![CDATA[ships within 1 to 7 days]]></g:description>
			<g:link><![CDATA[https://www.gbmart.in/store/electronics/mobile/umi-plus-e-5-5-inch-2-5d-6gb-ram-64gb-rom-mtk6757-helio-p20-octa-core-4g-smartphone-17]]></g:link>
			<g:image_link><![CDATA[https://gbmart.in/storage/13_image_AMre5.jpg]]></g:image_link>
			<g:condition>new</g:condition>
			<g:availability>in stock</g:availability>
			<g:price>15900 INR</g:price>
			<g:shipping>
				<g:country>IN</g:country>
				<g:service>Standard</g:service>
				<g:price>0 INR</g:price>
			</g:shipping>
			<g:brand>umi</g:brand>
			<g:mpn></g:mpn>
			<g:google_product_category><![CDATA[Electronics > Communications > Telephony > Mobile Phones]]></g:google_product_category>
		</item>

		<item>
			<g:id>18</g:id>
			<g:title><![CDATA[OUKITEL U20 PLUS 5.5" FHD IPS Android 6.0 4G Phone w/ 16GB ROM]]></g:title>
			<g:description><![CDATA[ships within 1 to 6 days]]></g:description>
			<g:link><![CDATA[https://www.gbmart.in/store/electronics/mobile/oukitel-u20-plus-5-5-fhd-ips-android-6-0-4g-phone-w-16gb-rom-18]]></g:link>
			<g:image_link><![CDATA[https://gbmart.in/storage/21_image_7KS42.jpg]]></g:image_link>
			<g:condition>new</g:condition>
			<g:availability>in stock</g:availability>
			<g:price>6999 INR</g:price>
			<g:shipping>
				<g:country>IN</g:country>
				<g:service>Standard</g:service>
				<g:price>0 INR</g:price>
			</g:shipping>
			<g:brand>oukitel</g:brand>
			<g:mpn></g:mpn>
			<g:google_product_category><![CDATA[Electronics > Communications > Telephony > Mobile Phones]]></g:google_product_category>
		</item>

		<item>
			<g:id>19</g:id>
			<g:title><![CDATA[OUKITEL U20 Plus 4G Phablet   -  BRIGHT BLACK]]></g:title>
			<g:description><![CDATA[ships within 1 to 5 days]]></g:description>
			<g:link><![CDATA[https://www.gbmart.in/store/electronics/mobile/oukitel-u20-plus-4g-phablet-bright-black-19]]></g:link>
			<g:image_link><![CDATA[https://gbmart.in/storage/20_image_5yjVb.jpg]]></g:image_link>
			<g:condition>new</g:condition>
			<g:availability>in stock</g:availability>
			<g:price>6999 INR</g:price>
			<g:shipping>
				<g:country>IN</g:country>
				<g:service>Standard</g:service>
				<g:price>0 INR</g:price>
			</g:shipping>
			<g:brand>oukitel</g:brand>
			<g:mpn></g:mpn>
			<g:google_product_category><![CDATA[Electronics > Communications > Telephony > Mobile Phones]]></g:google_product_category>
		</item>

		<item>
			<g:id>20</g:id>
			<g:title><![CDATA[OUKITEL U15S Octa-core 4G Phone w/ RAM 4GB, ROM 32GB]]></g:title>
			<g:description><![CDATA[ships within1 to 7 days]]></g:description>
			<g:link><![CDATA[https://www.gbmart.in/store/electronics/mobile/oukitel-u15s-octa-core-4g-phone-w-ram-4gb-rom-32gb-20]]></g:link>
			<g:image_link><![CDATA[https://gbmart.in/storage/19_image_s7mZm.jpg]]></g:image_link>
			<g:condition>new</g:condition>
			<g:availability>in stock</g:availability>
			<g:price>8700 INR</g:price>
			<g:shipping>
				<g:country>IN</g:country>
				<g:service>Standard</g:service>
				<g:price>0 INR</g:price>
			</g:shipping>
			<g:brand>oukitel</g:brand>
			<g:mpn></g:mpn>
			<g:google_product_category><![CDATA[Electronics > Communications > Telephony > Mobile Phones]]></g:google_product_category>
		</item>

		<item>
			<g:id>21</g:id>
			<g:title><![CDATA[OUKITEL K10000 Pro]]></g:title>
			<g:description><![CDATA[ships within 1 to 7 days]]></g:description>
			<g:link><![CDATA[https://www.gbmart.in/store/electronics/mobile/oukitel-k10000-pro-21]]></g:link>
			<g:image_link><![CDATA[https://gbmart.in/storage/18_image_fDohZ.bmp]]></g:image_link>
			<g:condition>new</g:condition>
			<g:availability>in stock</g:availability>
			<g:price>13700 INR</g:price>
			<g:shipping>
				<g:country>IN</g:country>
				<g:service>Standard</g:service>
				<g:price>0 INR</g:price>
			</g:shipping>
			<g:brand>oukitel</g:brand>
			<g:mpn></g:mpn>
			<g:google_product_category><![CDATA[Electronics > Communications > Telephony > Mobile Phones]]></g:google_product_category>
		</item>

		<item>
			<g:id>22</g:id>
			<g:title><![CDATA[OUKITEL K6000 Plus  4GB RAM 64GB ROM]]></g:title>
			<g:description><![CDATA[ships within 1 to 7 days]]></g:description>
			<g:link><![CDATA[https://www.gbmart.in/store/electronics/mobile/oukitel-k6000-plus-4gb-ram-64gb-rom-22]]></g:link>
			<g:image_link><![CDATA[https://gbmart.in/storage/22_image_ycK38.bmp]]></g:image_link>
			<g:condition>new</g:condition>
			<g:availability>in stock</g:availability>
			<g:price>12999 INR</g:price>
			<g:shipping>
				<g:country>IN</g:country>
				<g:service>Standard</g:service>
				<g:price>0 INR</g:price>
			</g:shipping>
			<g:brand>oukitel</g:brand>
			<g:mpn></g:mpn>
			<g:google_product_category><![CDATA[Electronics > Communications > Telephony > Mobile Phones]]></g:google_product_category>
		</item>

		<item>
			<g:id>23</g:id>
			<g:title><![CDATA[OUKITEL K10000 Android 5.1 4G Phone w/ 5.5" IPS, 8.0MP + 2.0MP - Black]]></g:title>
			<g:description><![CDATA[ships within 1 to 7 days]]></g:description>
			<g:link><![CDATA[https://www.gbmart.in/store/electronics/mobile/oukitel-k10000-android-5-1-4g-phone-w-5-5-ips-8-0mp-2-0mp-black-23]]></g:link>
			<g:image_link><![CDATA[https://gbmart.in/storage/23_image_qe3DG.jpg]]></g:image_link>
			<g:condition>new</g:condition>
			<g:availability>in stock</g:availability>
			<g:price>9999 INR</g:price>
			<g:shipping>
				<g:country>IN</g:country>
				<g:service>Standard</g:service>
				<g:price>0 INR</g:price>
			</g:shipping>
			<g:brand>oukitel</g:brand>
			<g:mpn></g:mpn>
			<g:google_product_category><![CDATA[Electronics > Communications > Telephony > Mobile Phones]]></g:google_product_category>
		</item>

		<item>
			<g:id>24</g:id>
			<g:title><![CDATA[OUKITEL U11 Plus 5.7" FHD 4G Phone with 4GB, 64GB]]></g:title>
			<g:description><![CDATA[ships within 1 to 7 days]]></g:description>
			<g:link><![CDATA[https://www.gbmart.in/store/electronics/mobile/oukitel-u11-plus-5-7-fhd-4g-phone-with-4gb-64gb-24]]></g:link>
			<g:image_link><![CDATA[https://gbmart.in/storage/24_image_dmPLO.bmp]]></g:image_link>
			<g:condition>new</g:condition>
			<g:availability>in stock</g:availability>
			<g:price>10999 INR</g:price>
			<g:shipping>
				<g:country>IN</g:country>
				<g:service>Standard</g:service>
				<g:price>0 INR</g:price>
			</g:shipping>
			<g:brand>oukitel</g:brand>
			<g:mpn></g:mpn>
			<g:google_product_category><![CDATA[Electronics > Communications > Telephony > Mobile Phones]]></g:google_product_category>
		</item>

		<item>
			<g:id>25</g:id>
			<g:title><![CDATA[OUKITEL C8 , 2GB RAM 16GB ROM]]></g:title>
			<g:description><![CDATA[ships within  1 to 5 days]]></g:description>
			<g:link><![CDATA[https://www.gbmart.in/store/electronics/mobile/oukitel-c8-2gb-ram-16gb-rom-25]]></g:link>
			<g:image_link><![CDATA[https://gbmart.in/storage/25_image_lxA8D.jpg]]></g:image_link>
			<g:condition>new</g:condition>
			<g:availability>in stock</g:availability>
			<g:price>5999 INR</g:price>
			<g:shipping>
				<g:country>IN</g:country>
				<g:service>Standard</g:service>
				<g:price>0 INR</g:price>
			</g:shipping>
			<g:brand>oukitel</g:brand>
			<g:mpn></g:mpn>
			<g:google_product_category><![CDATA[Electronics > Communications > Telephony > Mobile Phones]]></g:google_product_category>
		</item>

		<item>
			<g:id>26</g:id>
			<g:title><![CDATA[OUKITEL C8 , 2GB RAM 16GB ROM]]></g:title>
			<g:description><![CDATA[ships within  1 to 5 days]]></g:description>
			<g:link><![CDATA[https://www.gbmart.in/store/electronics/mobile/oukitel-c8-2gb-ram-16gb-rom-26]]></g:link>
			<g:image_link><![CDATA[https://gbmart.in/storage/25_image_lxA8D.jpg]]></g:image_link>
			<g:condition>new</g:condition>
			<g:availability>in stock</g:availability>
			<g:price>5999 INR</g:price>
			<g:shipping>
				<g:country>IN</g:country>
				<g:service>Standard</g:service>
				<g:price>0 INR</g:price>
			</g:shipping>
			<g:brand>oukitel</g:brand>
			<g:mpn></g:mpn>
			<g:google_product_category><![CDATA[Electronics > Communications > Telephony > Mobile Phones]]></g:google_product_category>
		</item>

		<item>
			<g:id>28</g:id>
			<g:title><![CDATA[OUKITEL K3 5.5" Octa-core 4 Cameras 4G Phone w/ 4GB/64GB ROM]]></g:title>
			<g:description><![CDATA[ships within 1 to 7 days]]></g:description>
			<g:link><![CDATA[https://www.gbmart.in/store/electronics/mobile/oukitel-k3-5-5-octa-core-4-cameras-4g-phone-w-4gb-64gb-rom-28]]></g:link>
			<g:image_link><![CDATA[https://gbmart.in/storage/27_image_co3GG.bmp]]></g:image_link>
			<g:condition>new</g:condition>
			<g:availability>in stock</g:availability>
			<g:price>11700 INR</g:price>
			<g:shipping>
				<g:country>IN</g:country>
				<g:service>Standard</g:service>
				<g:price>0 INR</g:price>
			</g:shipping>
			<g:brand>oukitel</g:brand>
			<g:mpn></g:mpn>
			<g:google_product_category><![CDATA[Electronics > Communications > Telephony > Mobile Phones]]></g:google_product_category>
		</item>

		<item>
			<g:id>29</g:id>
			<g:title><![CDATA[OUKITEL K5000  4G Phone with 4GB RAM 64GB ROM]]></g:title>
			<g:description><![CDATA[ships within 1 to 7 days]]></g:description>
			<g:link><![CDATA[https://www.gbmart.in/store/electronics/mobile/oukitel-k5000-4g-phone-with-4gb-ram-64gb-rom-29]]></g:link>
			<g:image_link><![CDATA[https://gbmart.in/storage/28_image_sVd7U.jpg]]></g:image_link>
			<g:condition>new</g:condition>
			<g:availability>in stock</g:availability>
			<g:price>10999 INR</g:price>
			<g:shipping>
				<g:country>IN</g:country>
				<g:service>Standard</g:service>
				<g:price>0 INR</g:price>
			</g:shipping>
			<g:brand>oukitel</g:brand>
			<g:mpn></g:mpn>
			<g:google_product_category><![CDATA[Electronics > Communications > Telephony > Mobile Phones]]></g:google_product_category>
		</item>

		<item>
			<g:id>30</g:id>
			<g:title><![CDATA[Ulefone Power 2  4GB RAM 64GB ROM]]></g:title>
			<g:description><![CDATA[ships in 1 to 6 days]]></g:description>
			<g:link><![CDATA[https://www.gbmart.in/store/electronics/mobile/ulefone-power-2-4gb-ram-64gb-rom-30]]></g:link>
			<g:image_link><![CDATA[https://gbmart.in/storage/29_image_Tvcwm.bmp]]></g:image_link>
			<g:condition>new</g:condition>
			<g:availability>in stock</g:availability>
			<g:price>11999 INR</g:price>
			<g:shipping>
				<g:country>IN</g:country>
				<g:service>Standard</g:service>
				<g:price>0 INR</g:price>
			</g:shipping>
			<g:brand>ulefone</g:brand>
			<g:mpn></g:mpn>
			<g:google_product_category><![CDATA[Electronics > Communications > Telephony > Mobile Phones]]></g:google_product_category>
		</item>

		<item>
			<g:id>31</g:id>
			<g:title><![CDATA[Ulefone Mix   -  BLACK]]></g:title>
			<g:description><![CDATA[ships within 1 to 7 days]]></g:description>
			<g:link><![CDATA[https://www.gbmart.in/store/electronics/mobile/ulefone-mix-black-31]]></g:link>
			<g:image_link><![CDATA[https://gbmart.in/storage/31_image_itKQR.bmp]]></g:image_link>
			<g:condition>new</g:condition>
			<g:availability>in stock</g:availability>
			<g:price>10999 INR</g:price>
			<g:shipping>
				<g:country>IN</g:country>
				<g:service>Standard</g:service>
				<g:price>0 INR</g:price>
			</g:shipping>
			<g:brand>ulefone</g:brand>
			<g:mpn></g:mpn>
			<g:google_product_category><![CDATA[Electronics > Communications > Telephony > Mobile Phones]]></g:google_product_category>
		</item>

		<item>
			<g:id>32</g:id>
			<g:title><![CDATA[Ulefone Mix Bezel-less 4GB RAM 64GB ROM  -  BLUE]]></g:title>
			<g:description><![CDATA[ships within 1 to 7 days]]></g:description>
			<g:link><![CDATA[https://www.gbmart.in/store/electronics/mobile/ulefone-mix-bezel-less-4gb-ram-64gb-rom-blue-32]]></g:link>
			<g:image_link><![CDATA[https://gbmart.in/storage/30_image_eXDxe.bmp]]></g:image_link>
			<g:condition>new</g:condition>
			<g:availability>in stock</g:availability>
			<g:price>10999 INR</g:price>
			<g:shipping>
				<g:country>IN</g:country>
				<g:service>Standard</g:service>
				<g:price>0 INR</g:price>
			</g:shipping>
			<g:brand>ulefone</g:brand>
			<g:mpn></g:mpn>
			<g:google_product_category><![CDATA[Electronics > Communications > Telephony > Mobile Phones]]></g:google_product_category>
		</item>

		<item>
			<g:id>33</g:id>
			<g:title><![CDATA[Ulefone Armor Waterproof IP68  3GB RAM 32GB ROM]]></g:title>
			<g:description><![CDATA[ships within 1 to 7 days]]></g:description>
			<g:link><![CDATA[https://www.gbmart.in/store/electronics/mobile/ulefone-armor-waterproof-ip68-3gb-ram-32gb-rom-33]]></g:link>
			<g:image_link><![CDATA[https://gbmart.in/storage/33_image_kIqwr.bmp]]></g:image_link>
			<g:condition>new</g:condition>
			<g:availability>in stock</g:availability>
			<g:price>11500 INR</g:price>
			<g:shipping>
				<g:country>IN</g:country>
				<g:service>Standard</g:service>
				<g:price>0 INR</g:price>
			</g:shipping>
			<g:brand>ulefone</g:brand>
			<g:mpn></g:mpn>
			<g:google_product_category><![CDATA[Electronics > Communications > Telephony > Mobile Phones]]></g:google_product_category>
		</item>

		<item>
			<g:id>34</g:id>
			<g:title><![CDATA[Ulefone Armor 2 Waterproof IP68 4G Phone w/ 6GB RAM 64GB ROM]]></g:title>
			<g:description><![CDATA[ships within 1 to 7 days]]></g:description>
			<g:link><![CDATA[https://www.gbmart.in/store/electronics/mobile/ulefone-armor-2-waterproof-ip68-4g-phone-w-6gb-ram-64gb-rom-34]]></g:link>
			<g:image_link><![CDATA[https://gbmart.in/storage/32_image_pVfXI.bmp]]></g:image_link>
			<g:condition>new</g:condition>
			<g:availability>in stock</g:availability>
			<g:price>18499 INR</g:price>
			<g:shipping>
				<g:country>IN</g:country>
				<g:service>Standard</g:service>
				<g:price>0 INR</g:price>
			</g:shipping>
			<g:brand>ulefone</g:brand>
			<g:mpn></g:mpn>
			<g:google_product_category><![CDATA[Electronics > Communications > Telephony > Mobile Phones]]></g:google_product_category>
		</item>

		<item>
			<g:id>35</g:id>
			<g:title><![CDATA[Ulefone S8 Pro]]></g:title>
			<g:description><![CDATA[ships within 1 to 7 days]]></g:description>
			<g:link><![CDATA[https://www.gbmart.in/store/electronics/mobile/ulefone-s8-pro-35]]></g:link>
			<g:image_link><![CDATA[https://gbmart.in/storage/34_image_D5eBg.bmp]]></g:image_link>
			<g:condition>new</g:condition>
			<g:availability>in stock</g:availability>
			<g:price>6870 INR</g:price>
			<g:shipping>
				<g:country>IN</g:country>
				<g:service>Standard</g:service>
				<g:price>0 INR</g:price>
			</g:shipping>
			<g:brand>ulefone</g:brand>
			<g:mpn></g:mpn>
			<g:google_product_category><![CDATA[Electronics > Communications > Telephony > Mobile Phones]]></g:google_product_category>
		</item>

		<item>
			<g:id>36</g:id>
			<g:title><![CDATA[Ulefone T1  6GB RAM 64GB ROM]]></g:title>
			<g:description><![CDATA[ships within 1 to 7 days]]></g:description>
			<g:link><![CDATA[https://www.gbmart.in/store/electronics/mobile/ulefone-t1-6gb-ram-64gb-rom-36]]></g:link>
			<g:image_link><![CDATA[https://gbmart.in/storage/35_image_1y6Ej.bmp]]></g:image_link>
			<g:condition>new</g:condition>
			<g:availability>in stock</g:availability>
			<g:price>14999 INR</g:price>
			<g:shipping>
				<g:country>IN</g:country>
				<g:service>Standard</g:service>
				<g:price>0 INR</g:price>
			</g:shipping>
			<g:brand>ulefone</g:brand>
			<g:mpn></g:mpn>
			<g:google_product_category><![CDATA[Electronics > Communications > Telephony > Mobile Phones]]></g:google_product_category>
		</item>

		<item>
			<g:id>38</g:id>
			<g:title><![CDATA[LEAGOO T5 Android 7.0 Smartphone with 4GB RAM 64GB ROM]]></g:title>
			<g:description><![CDATA[ships within 1 to 7 days]]></g:description>
			<g:link><![CDATA[https://www.gbmart.in/store/electronics/mobile/leagoo-t5-android-7-0-smartphone-with-4gb-ram-64gb-rom-38]]></g:link>
			<g:image_link><![CDATA[https://gbmart.in/storage/38_image_SUgnH.bmp]]></g:image_link>
			<g:condition>new</g:condition>
			<g:availability>in stock</g:availability>
			<g:price>9999 INR</g:price>
			<g:shipping>
				<g:country>IN</g:country>
				<g:service>Standard</g:service>
				<g:price>0 INR</g:price>
			</g:shipping>
			<g:brand>leagoo</g:brand>
			<g:mpn></g:mpn>
			<g:google_product_category><![CDATA[Electronics > Communications > Telephony > Mobile Phones]]></g:google_product_category>
		</item>

		<item>
			<g:id>39</g:id>
			<g:title><![CDATA[leagoo m8 pro]]></g:title>
			<g:description><![CDATA[ships within 1 to 7 days]]></g:description>
			<g:link><![CDATA[https://www.gbmart.in/store/electronics/mobile/leagoo-m8-pro-39]]></g:link>
			<g:image_link><![CDATA[https://gbmart.in/storage/36_image_fZQKX.jpg]]></g:image_link>
			<g:condition>new</g:condition>
			<g:availability>in stock</g:availability>
			<g:price>6690 INR</g:price>
			<g:shipping>
				<g:country>IN</g:country>
				<g:service>Standard</g:service>
				<g:price>0 INR</g:price>
			</g:shipping>
			<g:brand>leagoo</g:brand>
			<g:mpn></g:mpn>
			<g:google_product_category><![CDATA[Electronics > Communications > Telephony > Mobile Phones]]></g:google_product_category>
		</item>

		<item>
			<g:id>40</g:id>
			<g:title><![CDATA[LEAGOO MIX 5.5" FHD 3GB RAM, 32GB ROM]]></g:title>
			<g:description><![CDATA[ships within 1 to 3 days]]></g:description>
			<g:link><![CDATA[https://www.gbmart.in/store/electronics/mobile/leagoo-mix-5-5-fhd-3gb-ram-32gb-rom-40]]></g:link>
			<g:image_link><![CDATA[https://gbmart.in/storage/39_image_3AXqe.bmp]]></g:image_link>
			<g:condition>new</g:condition>
			<g:availability>in stock</g:availability>
			<g:price>8999 INR</g:price>
			<g:shipping>
				<g:country>IN</g:country>
				<g:service>Standard</g:service>
				<g:price>0 INR</g:price>
			</g:shipping>
			<g:brand>leagoo</g:brand>
			<g:mpn></g:mpn>
			<g:google_product_category><![CDATA[Electronics > Communications > Telephony > Mobile Phones]]></g:google_product_category>
		</item>

		<item>
			<g:id>41</g:id>
			<g:title><![CDATA[LEAGOO S8 - bLUE]]></g:title>
			<g:description><![CDATA[ships within 1 to 7 days]]></g:description>
			<g:link><![CDATA[https://www.gbmart.in/store/electronics/mobile/leagoo-s8-blue-41]]></g:link>
			<g:image_link><![CDATA[https://gbmart.in/storage/41_image_PKU5Q.bmp]]></g:image_link>
			<g:condition>new</g:condition>
			<g:availability>in stock</g:availability>
			<g:price>9499 INR</g:price>
			<g:shipping>
				<g:country>IN</g:country>
				<g:service>Standard</g:service>
				<g:price>0 INR</g:price>
			</g:shipping>
			<g:brand>leagoo</g:brand>
			<g:mpn></g:mpn>
			<g:google_product_category><![CDATA[Electronics > Communications > Telephony > Mobile Phones]]></g:google_product_category>
		</item>

		<item>
			<g:id>42</g:id>
			<g:title><![CDATA[LEAGOO S8 - black]]></g:title>
			<g:description><![CDATA[ship  within 1 to 7 days]]></g:description>
			<g:link><![CDATA[https://www.gbmart.in/store/electronics/mobile/leagoo-s8-black-42]]></g:link>
			<g:image_link><![CDATA[https://gbmart.in/storage/40_image_gln0g.bmp]]></g:image_link>
			<g:condition>new</g:condition>
			<g:availability>in stock</g:availability>
			<g:price>9499 INR</g:price>
			<g:shipping>
				<g:country>IN</g:country>
				<g:service>Standard</g:service>
				<g:price>0 INR</g:price>
			</g:shipping>
			<g:brand>leagoo</g:brand>
			<g:mpn></g:mpn>
			<g:google_product_category><![CDATA[Electronics > Communications > Telephony > Mobile Phones]]></g:google_product_category>
		</item>

		<item>
			<g:id>43</g:id>
			<g:title><![CDATA[LEAGOO S8 Pro 5.99 Inch FHD+ 6GB RAM 64GB ROM Helio P25 2.6GHz Octa Core 4G Smartphone]]></g:title>
			<g:description><![CDATA[SHIPS WITHIN 1 TO 7 DAYS]]></g:description>
			<g:link><![CDATA[https://www.gbmart.in/store/electronics/mobile/leagoo-s8-pro-5-99-inch-fhd-6gb-ram-64gb-rom-helio-p25-2-6ghz-octa-core-4g-smartphone-43]]></g:link>
			<g:image_link><![CDATA[https://gbmart.in/storage/42_image_AX7Kx.jpg]]></g:image_link>
			<g:condition>new</g:condition>
			<g:availability>in stock</g:availability>
			<g:price>18999 INR</g:price>
			<g:shipping>
				<g:country>IN</g:country>
				<g:service>Standard</g:service>
				<g:price>0 INR</g:price>
			</g:shipping>
			<g:brand>leagoo</g:brand>
			<g:mpn></g:mpn>
			<g:google_product_category><![CDATA[Electronics > Communications > Telephony > Mobile Phones]]></g:google_product_category>
		</item>

		<item>
			<g:id>44</g:id>
			<g:title><![CDATA[Bluboo S1 FHD Phone with 4GB RAM, 64GB ROM]]></g:title>
			<g:description><![CDATA[SHIPS WITHIN 1 TO 7 DAYS]]></g:description>
			<g:link><![CDATA[https://www.gbmart.in/store/electronics/mobile/bluboo-s1-fhd-phone-with-4gb-ram-64gb-rom-44]]></g:link>
			<g:image_link><![CDATA[https://gbmart.in/storage/43_image_bRtBl.bmp]]></g:image_link>
			<g:condition>new</g:condition>
			<g:availability>in stock</g:availability>
			<g:price>11700 INR</g:price>
			<g:shipping>
				<g:country>IN</g:country>
				<g:service>Standard</g:service>
				<g:price>0 INR</g:price>
			</g:shipping>
			<g:brand>BLUBOO</g:brand>
			<g:mpn></g:mpn>
			<g:google_product_category><![CDATA[Electronics > Communications > Telephony > Mobile Phones]]></g:google_product_category>
		</item>

		<item>
			<g:id>46</g:id>
			<g:title><![CDATA[Bluboo S8  - BLACK]]></g:title>
			<g:description><![CDATA[SHIPS WITHIN 1 TO 6 DAYS]]></g:description>
			<g:link><![CDATA[https://www.gbmart.in/store/electronics/mobile/bluboo-s8-black-46]]></g:link>
			<g:image_link><![CDATA[https://gbmart.in/storage/46_image_0A42l.jpg]]></g:image_link>
			<g:condition>new</g:condition>
			<g:availability>in stock</g:availability>
			<g:price>10999 INR</g:price>
			<g:shipping>
				<g:country>IN</g:country>
				<g:service>Standard</g:service>
				<g:price>0 INR</g:price>
			</g:shipping>
			<g:brand>BLUBOO</g:brand>
			<g:mpn></g:mpn>
			<g:google_product_category><![CDATA[Electronics > Communications > Telephony > Mobile Phones]]></g:google_product_category>
		</item>

		<item>
			<g:id>47</g:id>
			<g:title><![CDATA[Bluboo S8 5.7 Inch Dual Rear Cameras Android 7.0 3GB RAM 32GB ROM]]></g:title>
			<g:description><![CDATA[SHIPS WITHIN 1 TO 7 DAYS]]></g:description>
			<g:link><![CDATA[https://www.gbmart.in/store/electronics/mobile/bluboo-s8-5-7-inch-dual-rear-cameras-android-7-0-3gb-ram-32gb-rom-47]]></g:link>
			<g:image_link><![CDATA[https://gbmart.in/storage/45_image_qDFiL.jpg]]></g:image_link>
			<g:condition>new</g:condition>
			<g:availability>in stock</g:availability>
			<g:price>10999 INR</g:price>
			<g:shipping>
				<g:country>IN</g:country>
				<g:service>Standard</g:service>
				<g:price>0 INR</g:price>
			</g:shipping>
			<g:brand>BLUBOO</g:brand>
			<g:mpn></g:mpn>
			<g:google_product_category><![CDATA[Electronics > Communications > Telephony > Mobile Phones]]></g:google_product_category>
		</item>

		<item>
			<g:id>48</g:id>
			<g:title><![CDATA[Cubot X18]]></g:title>
			<g:description><![CDATA[SHIPS WITHIN 1 TO 7 DAYS]]></g:description>
			<g:link><![CDATA[https://www.gbmart.in/store/electronics/mobile/cubot-x18-48]]></g:link>
			<g:image_link><![CDATA[https://gbmart.in/storage/49_image_fW66T.bmp]]></g:image_link>
			<g:condition>new</g:condition>
			<g:availability>in stock</g:availability>
			<g:price>9999 INR</g:price>
			<g:shipping>
				<g:country>IN</g:country>
				<g:service>Standard</g:service>
				<g:price>0 INR</g:price>
			</g:shipping>
			<g:brand>CUBOT</g:brand>
			<g:mpn></g:mpn>
			<g:google_product_category><![CDATA[Electronics > Communications > Telephony > Mobile Phones]]></g:google_product_category>
		</item>

		<item>
			<g:id>49</g:id>
			<g:title><![CDATA[Vkworld Mix Plus -  BLACK]]></g:title>
			<g:description><![CDATA[SHIPS WITHIN 1 TO 7 DAYS]]></g:description>
			<g:link><![CDATA[https://www.gbmart.in/store/electronics/mobile/vkworld-mix-plus-black-49]]></g:link>
			<g:image_link><![CDATA[https://gbmart.in/storage/48_image_9OYG8.jpg]]></g:image_link>
			<g:condition>new</g:condition>
			<g:availability>in stock</g:availability>
			<g:price>9999 INR</g:price>
			<g:shipping>
				<g:country>IN</g:country>
				<g:service>Standard</g:service>
				<g:price>0 INR</g:price>
			</g:shipping>
			<g:brand>VKWORLD</g:brand>
			<g:mpn></g:mpn>
			<g:google_product_category><![CDATA[Electronics > Communications > Telephony > Mobile Phones]]></g:google_product_category>
		</item>

		<item>
			<g:id>50</g:id>
			<g:title><![CDATA[Vkworld Mix Plus  -  PURPLISH BLUE]]></g:title>
			<g:description><![CDATA[SHIPS WITHIN 1 TO 7 DAYS]]></g:description>
			<g:link><![CDATA[https://www.gbmart.in/store/electronics/mobile/vkworld-mix-plus-purplish-blue-50]]></g:link>
			<g:image_link><![CDATA[https://gbmart.in/storage/47_image_mSW9t.jpg]]></g:image_link>
			<g:condition>new</g:condition>
			<g:availability>in stock</g:availability>
			<g:price>9999 INR</g:price>
			<g:shipping>
				<g:country>IN</g:country>
				<g:service>Standard</g:service>
				<g:price>0 INR</g:price>
			</g:shipping>
			<g:brand>VKWORLD</g:brand>
			<g:mpn></g:mpn>
			<g:google_product_category><![CDATA[Electronics > Communications > Telephony > Mobile Phones]]></g:google_product_category>
		</item>

		<item>
			<g:id>51</g:id>
			<g:title><![CDATA[LG G5 GREY - 32GB - 4GB RAM  - volte]]></g:title>
			<g:description><![CDATA[ships within 1 to 3 days , delivery in 3 to 7 days]]></g:description>
			<g:link><![CDATA[https://www.gbmart.in/store/electronics/mobile/lg-g5-grey-32gb-4gb-ram-volte-51]]></g:link>
			<g:image_link><![CDATA[https://gbmart.in/storage/51_image_ZXvhT.jpg]]></g:image_link>
			<g:condition>new</g:condition>
			<g:availability>in stock</g:availability>
			<g:price>18999 INR</g:price>
			<g:shipping>
				<g:country>IN</g:country>
				<g:service>Standard</g:service>
				<g:price>0 INR</g:price>
			</g:shipping>
			<g:brand>lg mobile</g:brand>
			<g:mpn></g:mpn>
			<g:google_product_category><![CDATA[Electronics > Communications > Telephony > Mobile Phones]]></g:google_product_category>
		</item>

		<item>
			<g:id>52</g:id>
			<g:title><![CDATA[LG G5 32GB 4GB 5.3" 16MP+8MP & 8MP dual sim volte]]></g:title>
			<g:description><![CDATA[ships within 1 to 3 days . delivery in 3 to 7 days]]></g:description>
			<g:link><![CDATA[https://www.gbmart.in/store/electronics/mobile/lg-g5-32gb-4gb-5-3-16mp-8mp-and-8mp-dual-sim-volte-52]]></g:link>
			<g:image_link><![CDATA[https://gbmart.in/storage/50_image_Wimo2.jpg]]></g:image_link>
			<g:condition>new</g:condition>
			<g:availability>in stock</g:availability>
			<g:price>18999 INR</g:price>
			<g:shipping>
				<g:country>IN</g:country>
				<g:service>Standard</g:service>
				<g:price>0 INR</g:price>
			</g:shipping>
			<g:brand>lg mobile</g:brand>
			<g:mpn></g:mpn>
			<g:google_product_category><![CDATA[Electronics > Communications > Telephony > Mobile Phones]]></g:google_product_category>
		</item>

		<item>
			<g:id>54</g:id>
			<g:title><![CDATA[LG G5 -GOLD]]></g:title>
			<g:description><![CDATA[SHIPS IN 1 TO 3 DAYS DELIVERY IN 3 TO 7 DAYS]]></g:description>
			<g:link><![CDATA[https://www.gbmart.in/store/electronics/mobile/lg-g5-gold-54]]></g:link>
			<g:image_link><![CDATA[https://gbmart.in/storage/54_image_XQhKA.jpg]]></g:image_link>
			<g:condition>new</g:condition>
			<g:availability>in stock</g:availability>
			<g:price>15999 INR</g:price>
			<g:shipping>
				<g:country>IN</g:country>
				<g:service>Standard</g:service>
				<g:price>0 INR</g:price>
			</g:shipping>
			<g:brand>lg mobile</g:brand>
			<g:mpn></g:mpn>
			<g:google_product_category><![CDATA[Electronics > Communications > Telephony > Mobile Phones]]></g:google_product_category>
		</item>

		<item>
			<g:id>55</g:id>
			<g:title><![CDATA[LG G5 - 32GB - 3GB RAM  GRAY]]></g:title>
			<g:description><![CDATA[SHIPS WITHIN 1 TO 3 DAYS , DELIVERY IN 3 TO 7 DAYS]]></g:description>
			<g:link><![CDATA[https://www.gbmart.in/store/electronics/mobile/lg-g5-32gb-3gb-ram-gray-55]]></g:link>
			<g:image_link><![CDATA[https://gbmart.in/storage/53_image_JOZSq.jpg]]></g:image_link>
			<g:condition>new</g:condition>
			<g:availability>in stock</g:availability>
			<g:price>15900 INR</g:price>
			<g:shipping>
				<g:country>IN</g:country>
				<g:service>Standard</g:service>
				<g:price>0 INR</g:price>
			</g:shipping>
			<g:brand>lg mobile</g:brand>
			<g:mpn></g:mpn>
			<g:google_product_category><![CDATA[Electronics > Communications > Telephony > Mobile Phones]]></g:google_product_category>
		</item>

		<item>
			<g:id>57</g:id>
			<g:title><![CDATA[lg v10 dual sim 4gb ram + 64gb rom]]></g:title>
			<g:description><![CDATA[all over india delivery in 3 to 7 day]]></g:description>
			<g:link><![CDATA[https://www.gbmart.in/store/electronics/mobile/lg-v10-dual-sim-4gb-ram-64gb-rom-57]]></g:link>
			<g:image_link><![CDATA[https://gbmart.in/storage/58_image_HVlzx.jpg]]></g:image_link>
			<g:condition>new</g:condition>
			<g:availability>in stock</g:availability>
			<g:price>14999 INR</g:price>
			<g:shipping>
				<g:country>IN</g:country>
				<g:service>Standard</g:service>
				<g:price>0 INR</g:price>
			</g:shipping>
			<g:brand>lg mobile</g:brand>
			<g:mpn></g:mpn>
			<g:google_product_category><![CDATA[Electronics > Communications > Telephony > Mobile Phones]]></g:google_product_category>
		</item>

		<item>
			<g:id>58</g:id>
			<g:title><![CDATA[lg v10 black 4gb ram + 64gb rom]]></g:title>
			<g:description><![CDATA[all over india delivery in 3 to 7 days]]></g:description>
			<g:link><![CDATA[https://www.gbmart.in/store/electronics/mobile/lg-v10-black-4gb-ram-64gb-rom-58]]></g:link>
			<g:image_link><![CDATA[https://gbmart.in/storage/57_image_qHVrF.jpg]]></g:image_link>
			<g:condition>new</g:condition>
			<g:availability>in stock</g:availability>
			<g:price>13999 INR</g:price>
			<g:shipping>
				<g:country>IN</g:country>
				<g:service>Standard</g:service>
				<g:price>0 INR</g:price>
			</g:shipping>
			<g:brand>lg mobile</g:brand>
			<g:mpn></g:mpn>
			<g:google_product_category><![CDATA[Electronics > Communications > Telephony > Mobile Phones]]></g:google_product_category>
		</item>

		<item>
			<g:id>59</g:id>
			<g:title><![CDATA[lg v10 4gb ram + 64gb rom]]></g:title>
			<g:description><![CDATA[all over india delivery in 3 to 7 days]]></g:description>
			<g:link><![CDATA[https://www.gbmart.in/store/electronics/mobile/lg-v10-4gb-ram-64gb-rom-59]]></g:link>
			<g:image_link><![CDATA[https://gbmart.in/storage/56_image_kUJyB.bmp]]></g:image_link>
			<g:condition>new</g:condition>
			<g:availability>in stock</g:availability>
			<g:price>13999 INR</g:price>
			<g:shipping>
				<g:country>IN</g:country>
				<g:service>Standard</g:service>
				<g:price>0 INR</g:price>
			</g:shipping>
			<g:brand>lg mobile</g:brand>
			<g:mpn></g:mpn>
			<g:google_product_category><![CDATA[Electronics > Communications > Telephony > Mobile Phones]]></g:google_product_category>
		</item>

		<item>
			<g:id>60</g:id>
			<g:title><![CDATA[Samsung Galaxy S6 Edge]]></g:title>
			<g:description><![CDATA[ships within 1 to 3 days , all over india delivery in 3 to 7 days]]></g:description>
			<g:link><![CDATA[https://www.gbmart.in/store/electronics/mobile/samsung-galaxy-s6-edge-60]]></g:link>
			<g:image_link><![CDATA[https://gbmart.in/storage/59_image_ZcTUp.jpg]]></g:image_link>
			<g:condition>new</g:condition>
			<g:availability>in stock</g:availability>
			<g:price>19999 INR</g:price>
			<g:shipping>
				<g:country>IN</g:country>
				<g:service>Standard</g:service>
				<g:price>0 INR</g:price>
			</g:shipping>
			<g:brand>samsung</g:brand>
			<g:mpn></g:mpn>
			<g:google_product_category><![CDATA[Electronics > Communications > Telephony > Mobile Phones]]></g:google_product_category>
		</item>

		<item>
			<g:id>61</g:id>
			<g:title><![CDATA[LEAGOO S8 - blacks]]></g:title>
			<g:description><![CDATA[ships within 3 to 7 days]]></g:description>
			<g:link><![CDATA[https://www.gbmart.in/store/electronics/mobile/leagoo-s8-blacks-61]]></g:link>
			<g:image_link><![CDATA[https://gbmart.in/storage/60_image_KimKj.jpg]]></g:image_link>
			<g:condition>new</g:condition>
			<g:availability>out of stock</g:availability>
			<g:price>123 INR</g:price>
			<g:shipping>
				<g:country>IN</g:country>
				<g:service>Standard</g:service>
				<g:price>0 INR</g:price>
			</g:shipping>
			<g:brand>leagoo</g:brand>
			<g:mpn></g:mpn>
			<g:google_product_category><![CDATA[Electronics > Communications > Telephony > Mobile Phones]]></g:google_product_category>
		</item>

		<item>
			<g:id>62</g:id>
			<g:title><![CDATA[UMIDIGI S2]]></g:title>
			<g:description><![CDATA[ships within 1 to 7 days]]></g:description>
			<g:link><![CDATA[https://www.gbmart.in/store/electronics/mobile/umidigi-s2-62]]></g:link>
			<g:image_link><![CDATA[https://gbmart.in/storage/62_image_N3oSu.jpg]]></g:image_link>
			<g:condition>new</g:condition>
			<g:availability>in stock</g:availability>
			<g:price>14999 INR</g:price>
			<g:shipping>
				<g:country>IN</g:country>
				<g:service>Standard</g:service>
				<g:price>0 INR</g:price>
			</g:shipping>
			<g:brand>umi</g:brand>
			<g:mpn></g:mpn>
			<g:google_product_category><![CDATA[Electronics > Communications > Telephony > Mobile Phones]]></g:google_product_category>
		</item>

		<item>
			<g:id>63</g:id>
			<g:title><![CDATA[UMIDIGI S2 - red]]></g:title>
			<g:description><![CDATA[ships within 1 to 7 bussiness days]]></g:description>
			<g:link><![CDATA[https://www.gbmart.in/store/electronics/mobile/umidigi-s2-red-63]]></g:link>
			<g:image_link><![CDATA[https://gbmart.in/storage/61_image_bwz7B.jpg]]></g:image_link>
			<g:condition>new</g:condition>
			<g:availability>in stock</g:availability>
			<g:price>14999 INR</g:price>
			<g:shipping>
				<g:country>IN</g:country>
				<g:service>Standard</g:service>
				<g:price>0 INR</g:price>
			</g:shipping>
			<g:brand>umi</g:brand>
			<g:mpn></g:mpn>
			<g:google_product_category><![CDATA[Electronics > Communications > Telephony > Mobile Phones]]></g:google_product_category>
		</item>

	</channel>
</rss>